Id,pcode,rate
hochi0125,NOW-01841,4.0
hochi0125,NWY-15685,4.0
hochi0125,DRB-00373,5.0
hochi0125,CGN-01097,3.0
hochi0125,MSC-71049,5.0
hochi0125,MSF-71702,5.0
hochi0125,NOW-00474,5.0
hochi0125,NTL-05396,5.0
hochi0125,DRB-00263,3.0
hochi0125,CGN-00965,5.0
hochi0125,NOW-04777,5.0
hochi0125,NOW-00077,5.0
hochi0125,NOW-01841,4.0
hochi0125,NWY-15685,4.0
hochi0125,DRB-00373,5.0
hochi0125,CGN-01097,3.0
hochi0125,MSC-71049,5.0
hochi0125,MSF-71702,5.0
hochi0125,NOW-00474,5.0
hochi0125,NTL-05396,5.0
hochi0125,DRB-00263,3.0
hochi0125,CGN-00965,5.0
hochi0125,NOW-04777,5.0
hochi0125,NOW-00077,5.0
hochi0125,NOW-01841,4.0
hochi0125,NWY-15685,4.0
hochi0125,DRB-00373,5.0
hochi0125,CGN-01097,3.0
hochi0125,MSC-71049,5.0
hochi0125,MSF-71702,5.0
hochi0125,NOW-00474,5.0
hochi0125,NTL-05396,5.0
hochi0125,DRB-00263,3.0
hochi0125,CGN-00965,5.0
hochi0125,NOW-04777,5.0
hochi0125,NOW-00077,5.0
id3,NOW-01841,4.0
id3,NWY-15685,4.0
id3,DRB-00373,5.0
id3,CGN-01097,3.0
id3,MSC-71049,5.0
id3,MSF-71702,5.0
id3,NOW-00474,5.0
id3,NTL-05396,5.0
id3,DRB-00263,3.0
id3,CGN-00965,5.0
id3,NOW-04777,5.0
id3,NOW-00077,5.0
id3,NOW-01841,4.0
id3,NWY-15685,4.0
id3,DRB-00373,5.0
id3,CGN-01097,3.0
id3,MSC-71049,5.0
id3,MSF-71702,5.0
id3,NOW-00474,5.0
id3,NTL-05396,5.0
id3,DRB-00263,3.0
id3,CGN-00965,5.0
id3,NOW-04777,5.0
id3,NOW-00077,5.0
te,NOW-01841,4.0
te,NWY-15685,4.0
te,DRB-00373,5.0
te,CGN-01097,3.0
te,MSC-71049,5.0
te,MSF-71702,5.0
te,NOW-00474,5.0
te,NTL-05396,5.0
te,DRB-00263,3.0
te,CGN-00965,5.0
te,NOW-04777,5.0
te,NOW-00077,5.0
te,NOW-01841,4.0
te,NWY-15685,4.0
te,DRB-00373,5.0
te,CGN-01097,3.0
te,MSC-71049,5.0
te,MSF-71702,5.0
te,NOW-00474,5.0
te,NTL-05396,5.0
te,DRB-00263,3.0
te,CGN-00965,5.0
te,NOW-04777,5.0
te,NOW-00077,5.0
id,NOW-01841,4.0
id,NWY-15685,4.0
id,DRB-00373,5.0
id,CGN-01097,3.0
id,MSC-71049,5.0
id,MSF-71702,5.0
id,NOW-00474,5.0
id,NTL-05396,5.0
id,DRB-00263,3.0
id,CGN-00965,5.0
id,NOW-04777,5.0
id,NOW-00077,5.0
1a,CGN-01065,3.0
1a,CGN-00965,4.0
1a,NOW-00376,2.0
1a,SRE-01050,1.0
1a,DRB-00087,3.0
1a,JRW-13008,5.0
1a,MLI-00952,5.0
1a,SOL-01442,4.0
1a,CDL-10200,3.0
1a,LEX-23141,1.0
2a,CGN-01330,2.0
2a,CGN-00964,3.0
2a,NWY-41091,3.0
2a,DRB-00087,5.0
2a,SOL-02058,4.0
2a,JRW-13008,3.0
2a,LEX-23141,3.0
2a,SRE-01050,4.0
3a,CGN-01065,2.0
3a,CGN-01032,4.0
3a,NWY-41091,4.0
3a,NTL-05396,5.0
3a,DRB-00087,5.0
3a,DRB-00025,3.0
3a,SOL-02058,2.0
3a,JRW-13008,1.0
3a,LEX-23141,5.0
4a,CGN-01034,3.0
4a,CGN-01330,5.0
4a,CGN-00931,4.0
4a,MLI-00952,2.0
5a,JRW-13008,4.0
5a,LEX-23141,4.0
5a,CDL-10200,3.0
5a,SOL-01442,2.0
5a,CEN-28024,5.0
5a,NOW-00372,3.0
6a,CGN-00931,3.0
6a,CGN-00963,3.0
6a,NWY-41091,5.0
6a,DRB-00025,1.0
7a,JRW-13008,1.0
7a,LEX-23141,3.0
7a,CGN-01034,3.0
7a,CGN-01330,5.0
7a,CGN-00931,4.0
7a,MLI-00952,2.0
7a,CGN-00963,5.0
7a,CEN-28024,3.0
7a,CGN-00932,2.0
7a,CGN-00964,1.0
7a,BLB-00683,3.0
7a,CGN-01032,3.0
8a,CGN-00931,4.0
8a,NWY-41091,4.0
8a,CDL-10200,4.0
8a,NOW-00372,1.0
8a,MLI-00952,3.0
8a,JRW-13008,5.0
8a,CGN-01034,3.0
8a,NOW-00376,2.0
9a,CGN-01330,3.0
9a,CGN-00932,3.0
9a,CGN-01033,4.0
9a,DRB-00087,4.0
9a,BLB-00683,3.0
9a,LEX-23141,5.0
10a,MLI-00952,3.0
10a,JRW-13008,3.0
10a,CGN-01034,3.0
10a,NOW-00376,4.0
10a,DRB-00025,5.0
10a,NTL-05396,3.0
11a,CGN-01065,3.0
11a,CGN-00931,4.0
11a,NWY-41091,4.0
11a,CDL-10200,5.0
12a,JRW-13008,3.0
12a,CGN-01034,3.0
12a,NOW-00376,4.0
12a,DRB-00025,5.0
12a,NTL-05396,3.0
12a,CGN-00963,3.0
12a,CGN-01330,1.0
12a,CGN-00932,1.0
13a,BLB-00683,4.0
13a,CGN-01033,4.0
13a,CGN-01032,4.0
13a,CGN-01065,3.0
13a,CGN-00931,3.0
13a,NTL-05396,4.0
13a,CGN-00932,5.0
13a,CGN-00964,4.0
14a,CEN-28024,3.0
14a,NWY-41091,2.0
14a,CDL-10200,1.0
14a,NOW-00372,1.0
14a,MLI-00952,5.0
14a,JRW-13008,2.0
15a,NTL-05396,3.0
15a,CGN-00932,3.0
15a,CGN-00964,1.0
15a,CGN-00965,2.0
15a,CGN-00963,3.0
15a,SOL-02058,5.0
15a,SRE-01050,3.0
16a,NOW-00372,3.0
16a,MLI-00952,3.0
16a,JRW-13008,5.0
16a,CGN-01034,4.0
16a,NOW-00376,4.0
16a,DRB-00025,3.0
16a,NTL-05396,3.0
16a,CGN-00963,3.0
16a,CGN-01330,4.0
16a,CGN-00932,5.0
16a,CGN-01033,2.0
16a,DRB-00087,1.0
17a,CGN-00963,3.0
17a,CGN-01330,3.0
17a,CGN-00932,4.0
17a,CGN-01033,5.0
17a,DRB-00087,4.0
17a,BLB-00683,4.0
17a,LEX-23141,1.0
17a,CGN-00965,3.0
17a,SOL-01442,5.0
17a,SOL-02058,4.0
17a,CGN-01032,2.0
17a,SRE-01050,2.0
18a,NOW-00372,3.0
18a,MLI-00952,3.0
18a,JRW-13008,3.0
18a,CGN-01034,2.0
18a,NOW-00376,4.0
18a,DRB-00025,5.0
18a,NTL-05396,5.0
18a,CGN-00963,3.0
18a,CGN-01330,1.0
18a,CGN-00932,3.0
18a,CGN-01033,4.0
18a,DRB-00087,2.0
19a,BLB-00683,3.0
19a,CDL-10200,3.0
19a,CEN-28024,5.0
19a,CGN-00931,4.0
19a,CGN-00932,3.0
19a,CGN-00963,2.0
19a,CGN-00964,2.0
19a,CGN-00965,3.0
19a,CGN-01032,4.0
20a,CGN-01330,5.0
20a,DRB-00025,2.0
20a,DRB-00087,1.0
20a,JRW-13008,3.0
20a,LEX-23141,3.0
20a,MLI-00952,4.0
20a,NOW-00372,5.0
20a,NOW-00376,4.0
20a,NTL-05396,4.0
20a,NWY-41091,3.0
21a,CEN-28024,3.0
21a,CGN-00931,4.0
21a,CGN-00932,4.0
21a,CGN-00963,4.0
21a,CGN-00964,5.0
21a,CGN-00965,3.0
21a,CGN-01032,3.0
21a,CGN-01033,3.0
21a,CGN-01034,4.0
21a,CGN-01065,3.0
21a,CGN-01330,3.0
22a,CGN-01065,2.0
22a,CGN-01330,1.0
22a,DRB-00025,3.0
22a,DRB-00087,5.0
22a,JRW-13008,4.0
22a,LEX-23141,2.0
22a,MLI-00952,1.0
22a,NOW-00372,1.0
23a,CGN-00931,1.0
23a,CGN-00932,5.0
23a,CGN-00963,4.0
23a,CGN-00964,2.0
23a,CGN-00965,3.0
23a,CGN-01032,5.0
23a,CGN-01033,1.0
23a,CGN-01034,2.0
24a,CGN-01032,5.0
24a,CGN-01033,4.0
24a,CGN-01034,2.0
24a,CGN-01065,1.0
24a,CGN-01330,1.0
24a,DRB-00025,1.0
24a,DRB-00087,5.0
24a,JRW-13008,4.0
24a,LEX-23141,2.0
24a,MLI-00952,3.0
24a,NOW-00372,5.0
24a,NOW-00376,1.0
25a,BLB-00683,4.0
25a,CDL-10200,5.0
25a,CEN-28024,3.0
25a,CGN-00931,3.0
25a,CGN-00932,3.0
25a,CGN-00963,4.0
25a,CGN-00964,3.0
25a,CGN-00965,3.0
25a,CGN-01032,2.0
25a,CGN-01033,1.0
25a,CGN-01034,3.0
25a,CGN-01065,5.0
25a,DRB-00087,4.0
25a,JRW-13008,2.0
25a,LEX-23141,1.0
25a,MLI-00952,2.0
25a,NOW-00372,1.0
25a,NOW-00376,5.0
25a,NTL-05396,4.0
26a,MLI-00952,1.0
26a,NOW-00372,2.0
26a,NOW-00376,1.0
26a,NTL-05396,5.0
26a,NWY-41091,4.0
26a,SOL-01442,5.0
26a,SOL-02058,2.0
26a,SRE-01050,4.0
27a,CDL-10200,4.0
27a,CEN-28024,2.0
27a,CGN-00931,1.0
27a,CGN-00932,1.0
27a,CGN-00963,1.0
27a,CGN-00964,5.0
27a,CGN-00965,4.0
27a,CGN-01032,2.0
27a,CGN-01033,3.0
27a,CGN-01034,5.0
27a,NOW-00372,1.0
27a,NOW-00376,4.0
27a,NTL-05396,5.0
27a,NWY-41091,2.0
28a,CGN-00931,3.0
28a,CGN-00932,5.0
28a,CGN-00963,4.0
28a,CGN-00964,2.0
28a,CGN-00965,4.0
28a,CGN-01032,3.0
28a,CGN-01033,2.0
28a,DRB-00025,5.0
28a,DRB-00087,4.0
28a,JRW-13008,2.0
29a,CEN-28024,5.0
29a,CGN-00931,3.0
29a,CGN-00932,3.0
29a,CGN-00963,5.0
29a,CGN-00964,4.0
29a,CGN-00965,2.0
29a,CGN-01032,3.0
29a,DRB-00025,5.0
29a,DRB-00087,4.0
30a,SRE-01050,3.0
30a,SOL-02058,3.0
30a,SOL-01442,5.0
30a,NWY-41091,4.0
30a,NTL-05396,2.0
30a,NOW-00376,3.0
30a,NOW-00372,5.0
30a,MLI-00952,4.0
30a,LEX-23141,3.0
30a,CEN-28024,3.0
30a,CDL-10200,5.0
30a,BLB-00683,4.0
31a,CGN-01034,2.0
31a,CGN-01033,4.0
31a,CGN-01032,2.0
31a,CGN-00965,3.0
31a,CGN-00964,5.0
31a,NOW-00372,4.0
31a,MLI-00952,3.0
31a,LEX-23141,3.0
31a,JRW-13008,5.0
31a,DRB-00087,4.0
32a,SOL-02058,2.0
32a,SOL-01442,4.0
32a,NWY-41091,2.0
32a,NTL-05396,3.0
32a,NOW-00376,5.0
32a,NOW-00372,4.0
32a,MLI-00952,3.0
32a,LEX-23141,3.0
32a,JRW-13008,5.0
32a,DRB-00087,4.0
33a,CGN-01032,2.0
33a,CGN-00965,2.0
33a,CGN-00964,2.0
33a,CGN-00963,2.0
33a,CGN-00932,2.0
33a,CGN-00931,2.0
33a,CEN-28024,2.0
33a,CDL-10200,2.0
33a,BLB-00683,2.0
34a,NOW-00376,3.0
34a,NOW-00372,2.0
34a,MLI-00952,3.0
34a,LEX-23141,4.0
34a,JRW-13008,5.0
34a,DRB-00087,2.0
34a,DRB-00025,3.0
34a,CGN-01330,5.0
34a,CGN-01065,4.0
34a,CGN-01034,3.0
34a,CGN-01033,2.0
35a,DRB-00087,2.0
35a,DRB-00025,4.0
35a,CGN-01330,3.0
35a,CGN-01065,5.0
35a,CGN-01034,3.0
35a,CGN-01033,2.0
35a,CGN-01032,4.0
35a,CGN-00965,5.0
35a,CGN-00964,3.0
35a,CGN-00963,2.0
35a,CGN-00932,1.0
35a,CGN-00931,1.0
36a,NOW-00376,2.0
36a,NOW-00372,5.0
36a,MLI-00952,3.0
36a,LEX-23141,3.0
36a,JRW-13008,5.0
36a,DRB-00087,4.0
36a,DRB-00025,3.0
36a,CGN-01330,2.0
36a,CGN-01065,2.0
37a,SRE-01050,3.0
37a,SOL-02058,5.0
37a,SOL-01442,5.0
37a,NWY-41091,4.0
37a,NTL-05396,3.0
37a,NOW-00376,2.0
37a,NOW-00372,5.0
37a,MLI-00952,5.0
37a,LEX-23141,3.0
37a,JRW-13008,2.0
38a,NWY-41091,3.0
38a,NTL-05396,5.0
38a,NOW-00376,5.0
38a,NOW-00372,4.0
38a,MLI-00952,3.0
38a,LEX-23141,2.0
38a,JRW-13008,5.0
38a,CGN-01065,5.0
38a,CGN-01034,3.0
38a,CGN-01033,2.0
38a,CGN-01032,2.0
38a,CGN-00965,3.0
38a,CGN-00964,5.0
39a,NOW-00372,5.0
39a,MLI-00952,5.0
39a,LEX-23141,3.0
39a,JRW-13008,2.0
39a,DRB-00087,2.0
39a,DRB-00025,3.0
39a,CGN-01330,5.0
39a,CGN-01065,5.0
39a,CGN-01034,4.0
39a,CGN-01033,4.0
39a,CGN-01032,4.0
39a,CGN-00965,4.0
40a,CGN-01065,3.0
40a,CGN-01034,5.0
40a,CGN-01033,5.0
40a,CGN-01032,4.0
40a,CGN-00965,4.0
40a,CGN-00964,4.0
40a,CGN-00963,4.0
40a,CGN-00932,5.0
40a,CGN-00931,5.0
40a,CEN-28024,3.0
41a,BLB-00683,4.0
41a,LEX-23141,3.0
41a,SRE-01050,5.0
41a,NTL-05396,5.0
41a,CGN-00964,4.0
41a,CGN-00963,4.0
41a,CGN-01033,4.0
41a,CGN-01032,4.0
41a,CGN-00965,5.0
42a,NOW-00376,3.0
42a,NOW-00372,5.0
42a,MLI-00952,4.0
42a,LEX-23141,3.0
42a,CEN-28024,3.0
42a,CDL-10200,5.0
42a,BLB-00683,4.0
42a,CGN-01034,2.0
42a,CGN-01033,4.0
42a,CGN-01032,2.0
42a,CGN-00965,3.0
43a,CGN-00964,5.0
43a,NOW-00372,4.0
43a,MLI-00952,3.0
43a,LEX-23141,3.0
43a,JRW-13008,5.0
43a,DRB-00087,4.0
43a,SOL-02058,2.0
44a,SOL-01442,4.0
44a,NWY-41091,2.0
44a,NTL-05396,3.0
44a,NOW-00376,5.0
44a,NOW-00372,4.0
45a,DRB-00025,5.0
45a,SOL-02058,4.0
45a,NWY-41091,4.0
45a,MLI-00952,4.0
45a,JRW-13008,4.0
45a,CGN-01330,5.0
45a,CGN-00932,5.0
45a,CDL-10200,3.0
45a,CGN-01065,4.0
45a,CGN-01034,3.0
46a,SOL-01442,4.0
46a,NWY-41091,2.0
46a,NTL-05396,3.0
46a,NOW-00376,5.0
46a,NOW-00372,4.0
46a,MLI-00952,3.0
46a,LEX-23141,3.0
46a,JRW-13008,5.0
46a,DRB-00087,4.0
47a,CGN-01032,2.0
47a,CGN-00965,2.0
47a,CGN-00964,2.0
47a,CGN-00963,2.0
47a,CGN-00932,3.0
47a,CGN-00931,4.0
48a,CEN-28024,5.0
48a,CDL-10200,2.0
49a,CGN-01033,4.0
49a,CGN-01032,2.0
49a,CGN-00965,3.0
49a,DRB-00087,5.0
49a,DRB-00025,4.0
49a,CGN-01330,3.0
49a,CGN-00932,3.0
49a,CGN-00931,5.0
49a,CEN-28024,4.0
49a,CDL-10200,2.0
50a,DRB-00263,3.0
50a,DRB-00358,3.0
50a,DRB-00373,5.0
50a,JRW-13008,4.0
50a,LEX-23141,3.0
50a,MLI-00952,2.0
50a,BLB-00683,2.0
50a,CDL-10200,3.0
50a,CEN-28024,4.0
50a,CGN-00931,5.0
50a,CGN-00932,4.0
50a,CGN-00963,4.0
50a,MSC-71049,4.0
51a,LEX-23141,3.0
51a,MLI-00952,3.0
51a,MSC-71049,2.0
51a,MSF-71702,3.0
51a,NOW-00077,4.0
51a,NOW-00112,5.0
51a,NOW-00372,4.0
51a,NWY-41091,3.0
51a,SOL-01442,2.0
52a,BLB-00683,4.0
52a,CDL-10200,5.0
52a,CEN-28024,2.0
52a,CGN-00931,1.0
52a,CGN-00932,3.0
52a,CGN-00963,5.0
52a,CGN-00964,4.0
52a,CGN-00965,1.0
52a,CGN-01032,2.0
53a,JRW-13008,3.0
53a,MLI-00952,5.0
53a,MSC-71049,2.0
53a,MSF-71702,1.0
53a,NOW-00077,1.0
53a,NOW-00372,3.0
53a,NOW-00376,2.0
53a,NOW-00474,3.0
53a,NOW-01841,2.0
53a,NOW-04777,3.0
53a,NTL-05396,4.0
53a,NWY-15685,5.0
53a,NWY-41091,5.0
53a,SOL-01442,4.0
53a,BLB-00683,3.0
53a,SOL-02058,3.0
53a,SRE-01050,5.0
54a,SRE-01050,4.0
54a,SOL-02058,2.0
54a,SOL-01442,2.0
54a,NWY-41091,3.0
54a,NWY-15685,4.0
54a,NTL-05396,5.0
54a,NOW-04777,3.0
54a,NOW-01841,3.0
54a,NOW-00474,5.0
54a,NOW-00376,4.0
55a,MSF-71702,3.0
55a,MSC-71049,2.0
55a,MLI-00952,2.0
55a,LEX-23141,3.0
55a,JRW-13008,4.0
55a,DRB-00373,4.0
55a,DRB-00358,5.0
55a,DRB-00263,4.0
55a,DRB-00154,4.0
56a,CGN-00964,3.0
56a,CGN-00963,3.0
56a,CGN-00932,3.0
56a,CGN-00931,4.0
56a,CEN-28024,4.0
56a,CDL-10200,5.0
56a,BLB-00683,5.0
57a,CGN-01330,4.0
57a,CGN-01097,4.0
57a,CGN-01065,5.0
57a,CGN-01034,3.0
57a,CGN-01033,3.0
57a,CGN-01032,2.0
58a,NOW-00372,4.0
58a,NOW-00112,5.0
58a,NOW-00077,5.0
58a,MSF-71702,4.0
58a,MSC-71049,4.0
58a,MLI-00952,3.0
58a,LEX-23141,5.0
58a,JRW-13008,4.0
58a,DRB-00373,4.0
59a,LEX-23141,3.0
59a,JRW-13008,2.0
59a,DRB-00373,4.0
59a,DRB-00358,4.0
59a,DRB-00263,4.0
59a,DRB-00154,5.0
59a,DRB-00087,3.0
60a,CGN-01330,4.0
60a,CGN-01097,3.0
60a,CGN-01065,5.0
60a,CGN-01034,5.0
60a,CGN-01033,3.0
60a,CGN-01032,4.0
60a,CGN-00965,2.0
61a,CGN-00932,2.0
61a,CGN-00931,1.0
61a,CEN-28024,3.0
61a,CDL-10200,4.0
61a,BLB-00683,5.0
61a,NWY-15685,3.0
61a,NTL-05396,1.0
61a,NOW-04777,1.0
61a,NOW-01841,3.0
62a,NOW-00376,5.0
62a,NOW-00372,4.0
62a,NOW-00112,3.0
62a,NOW-00077,2.0
62a,MSF-71702,4.0
62a,MSC-71049,5.0
62a,MLI-00952,3.0
62a,LEX-23141,5.0
62a,NWY-15685,4.0
62a,NTL-05396,4.0
63a,NOW-04777,3.0
64a,MLI-00952,2.0
64a,LEX-23141,4.0
64a,JRW-13008,5.0
64a,DRB-00373,3.0
64a,DRB-00358,5.0
64a,DRB-00263,4.0
64a,DRB-00025,3.0
64a,CGN-01330,5.0
64a,CGN-01097,3.0
65A,NWY-41091,4.0
65A,NWY-15685,5.0
65A,NTL-05396,3.0
65A,NOW-04777,2.0
65A,NOW-01841,4.0
65A,NOW-00474,5.0
65A,NOW-00376,3.0
65A,NOW-00372,4.0
65A,DRB-00025,5.0
65A,CGN-01330,3.0
65A,CGN-01097,5.0
66a,MSF-71702,4.0
66a,MSC-71049,3.0
66a,SRE-01050,5.0
66a,DRB-00154,4.0
66a,CGN-01032,2.0
66a,DRB-00358,3.0
66a,SOL-02058,5.0
66a,SOL-01442,4.0
67a,DRB-00154,2.0
67a,CGN-01032,3.0
67a,DRB-00358,5.0
67a,SOL-02058,4.0
67a,SOL-01442,1.0
67a,CGN-00965,3.0
67a,LEX-23141,2.0
67a,BLB-00683,1.0
67a,NWY-15685,3.0
67a,DRB-00087,4.0
68a,NWY-15685,5.0
68a,DRB-00087,5.0
68a,CGN-01033,1.0
68a,NOW-01841,2.0
68a,CGN-00932,3.0
68a,CGN-01330,1.0
68a,DRB-00373,3.0
68a,NOW-00112,3.0
68a,DRB-00263,2.0
69a,NOW-00376,5.0
69a,CGN-01097,1.0
69a,CGN-01034,3.0
69a,JRW-13008,5.0
69a,MLI-00952,4.0
69a,NOW-00372,2.0
69a,CDL-10200,3.0
69a,NWY-41091,2.0
70a,MSF-71702,1.0
70a,MSC-71049,4.0
70a,SRE-01050,5.0
70a,DRB-00154,4.0
70a,CGN-01032,5.0
70a,DRB-00358,4.0
70a,SOL-02058,2.0
70a,CGN-01033,3.0
71a,DRB-00373,2.0
71a,NOW-00112,3.0
71a,DRB-00263,4.0
71a,NOW-04777,5.0
71a,NOW-00077,5.0
71a,CGN-00963,4.0
71a,NTL-05396,4.0
71a,DRB-00025,2.0
71a,NOW-00474,3.0
71a,NOW-00376,2.0
71a,NOW-00372,1.0
71a,CDL-10200,3.0
72a,MSF-71702,2.0
72a,MSC-71049,5.0
72a,SRE-01050,4.0
72a,DRB-00154,1.0
72a,CGN-01032,1.0
72a,DRB-00358,3.0
72a,SOL-02058,5.0
72a,SOL-01442,5.0
72a,CGN-00965,4.0
72a,LEX-23141,3.0
72a,BLB-00683,2.0
72a,NOW-01841,2.0
73a,MSC-71049,4.0
73a,SRE-01050,5.0
73a,DRB-00154,4.0
73a,CGN-01032,3.0
73a,DRB-00358,2.0
73a,SOL-02058,5.0
73a,SOL-01442,1.0
73a,CGN-00965,1.0
73a,LEX-23141,4.0
73a,BLB-00683,5.0
73a,CGN-01097,2.0
73a,CGN-01034,2.0
73a,JRW-13008,1.0
73a,MLI-00952,3.0
74a,NOW-04777,4.0
74a,NOW-00077,5.0
74a,CGN-00963,4.0
74a,NTL-05396,5.0
74a,DRB-00025,3.0
74a,NOW-00474,2.0
74a,NOW-00376,5.0
74a,CGN-01097,3.0
74a,CGN-01034,5.0
74a,JRW-13008,4.0
74a,MLI-00952,3.0
74a,NOW-00372,5.0
74a,CDL-10200,4.0
74a,NWY-41091,5.0
75a,MSF-71702,3.0
75a,MSC-71049,5.0
75a,SRE-01050,4.0
75a,DRB-00154,5.0
75a,CGN-01032,5.0
75a,DRB-00358,4.0
75a,SOL-02058,4.0
75a,SOL-01442,5.0
75a,CGN-00965,4.0
75a,LEX-23141,5.0
75a,BLB-00683,3.0
75a,NWY-15685,3.0
76a,MSF-71702,5.0
76a,MSC-71049,4.0
76a,SRE-01050,5.0
76a,DRB-00154,4.0
76a,CGN-01032,5.0
76a,DRB-00358,4.0
76a,SOL-02058,3.0
76a,SOL-01442,5.0
76a,CGN-00965,4.0
76a,LEX-23141,5.0
76a,BLB-00683,3.0
76a,NWY-15685,5.0
76a,DRB-00087,4.0
76a,CGN-01033,5.0
76a,NOW-01841,4.0
76a,CGN-00932,5.0
76a,CGN-01330,4.0
76a,DRB-00373,5.0
76a,NOW-00112,4.0
76a,DRB-00263,2.0
77a,DRB-00358,3.0
77a,SOL-01442,3.0
77a,NOW-00112,3.0
77a,DRB-00087,3.0
77a,CGN-01330,3.0
77a,SRE-01050,5.0
77a,DRB-00154,4.0
77a,DRB-00263,5.0
77a,LEX-23141,4.0
77a,BLB-00683,5.0
77a,NWY-15685,4.0
77a,NOW-01841,3.0
77a,CGN-00932,5.0
77a,DRB-00373,3.0
77a,DRB-00025,3.0
77a,NOW-00474,3.0
77a,NOW-00376,3.0
77a,CGN-01097,5.0
77a,NOW-00372,4.0
77a,CGN-00931,5.0
78a,CGN-01034,3.0
78a,JRW-13008,5.0
78a,MLI-00952,4.0
78a,NWY-41091,5.0
78a,CGN-00964,3.0
78a,NOW-04777,5.0
78a,CGN-01065,4.0
78a,CGN-01033,5.0
78a,CGN-01032,3.0
78a,MSF-71702,5.0
78a,MSC-71049,4.0
78a,CGN-00965,5.0
78a,CDL-10200,3.0
78a,"Doctor's Best, Collagen Types 1 and 3 with Vitamin C, 1,000 mg, 540 Tablets",5.0
79a,BLB-00683,4.0
79a,NWY-15685,4.0
79a,NOW-01841,5.0
79a,CGN-00932,5.0
79a,DRB-00373,5.0
79a,CGN-00963,5.0
79a,DRB-00025,2.0
79a,NOW-00474,1.0
79a,NOW-00376,3.0
79a,CGN-01097,5.0
79a,NOW-00372,4.0
79a,CGN-00931,1.0
79a,CEN-28024,2.0
79a,SOL-02058,3.0
79a,NOW-00077,5.0
79a,NTL-05396,2.0
79a,CGN-01034,1.0
79a,JRW-13008,1.0
79a,MLI-00952,3.0
80a,DRB-00358,2.0
80a,SOL-01442,3.0
80a,NOW-00112,2.0
80a,DRB-00087,3.0
80a,CGN-01330,4.0
80a,SRE-01050,5.0
80a,DRB-00154,5.0
80a,DRB-00263,4.0
80a,LEX-23141,3.0
80a,BLB-00683,3.0
80a,NWY-15685,5.0
80a,NOW-01841,4.0
80a,CGN-00932,2.0
80a,DRB-00373,2.0
81a,CGN-00963,3.0
81a,DRB-00025,4.0
81a,NOW-00474,5.0
81a,NOW-00376,3.0
81a,CGN-01097,3.0
81a,NOW-00372,5.0
81a,CGN-00931,4.0
81a,CEN-28024,3.0
81a,SOL-02058,2.0
81a,NOW-00077,2.0
81a,NTL-05396,3.0
81a,CGN-01034,4.0
81a,JRW-13008,4.0
81a,MLI-00952,5.0
81a,NWY-41091,4.0
81a,CGN-00964,4.0
81a,NOW-04777,3.0
81a,CGN-01065,3.0
81a,CGN-01033,3.0
81a,CGN-01032,4.0
81a,MSF-71702,4.0
82a,DRB-00358,5.0
82a,SOL-01442,5.0
82a,NOW-00112,4.0
82a,DRB-00087,4.0
82a,CGN-01330,5.0
82a,SRE-01050,3.0
82a,DRB-00154,3.0
82a,DRB-00263,2.0
82a,LEX-23141,4.0
82a,BLB-00683,5.0
83a,NWY-15685,5.0
84a,NOW-01841,4.0
84a,CGN-00932,4.0
84a,DRB-00373,3.0
84a,CGN-00963,5.0
84a,DRB-00025,4.0
84a,NOW-00474,4.0
84a,NOW-00376,3.0
85a,CGN-01097,2.0
85a,NOW-00372,4.0
85a,CGN-00931,4.0
85a,CEN-28024,4.0
85a,SOL-02058,5.0
85a,NOW-00077,3.0
85a,NTL-05396,4.0
85a,CGN-01034,3.0
85a,JRW-13008,5.0
85a,MLI-00952,5.0
85a,NWY-41091,3.0
85a,CGN-00964,4.0
85a,NOW-04777,2.0
86a,CGN-01065,2.0
86a,CGN-01033,1.0
86a,CGN-01032,3.0
86a,MSF-71702,4.0
86a,MSC-71049,5.0
86a,CGN-00965,3.0
86a,CDL-10200,1.0
87a,LEX-23141,1.0
87a,BLB-00683,3.0
87a,NWY-15685,5.0
87a,NOW-01841,4.0
87a,CGN-00932,3.0
87a,DRB-00373,2.0
87a,CGN-00963,4.0
87a,DRB-00025,5.0
87a,NOW-00474,3.0
87a,NOW-00376,5.0
87a,CGN-01097,4.0
87a,NOW-00372,4.0
88a,NOW-00112,3.0
88a,DRB-00087,2.0
88a,CGN-01330,4.0
88a,SRE-01050,5.0
88a,DRB-00154,3.0
88a,DRB-00263,5.0
88a,LEX-23141,4.0
88a,BLB-00683,3.0
88a,NWY-15685,5.0
88a,NOW-01841,3.0
89a,CGN-00931,4.0
89a,CEN-28024,5.0
89a,SOL-02058,3.0
89a,NOW-00077,2.0
89a,NTL-05396,4.0
89a,CGN-01034,5.0
89a,JRW-13008,3.0
89a,MLI-00952,4.0
89a,NWY-41091,5.0
89a,CGN-00964,3.0
89a,NOW-04777,5.0
89a,CGN-01065,4.0
89a,CGN-01033,3.0
89a,CGN-01032,5.0
90a,JRW-13008,4.0
90a,MLI-00952,2.0
90a,NWY-41091,3.0
90a,CGN-00964,5.0
90a,NOW-04777,4.0
90a,CGN-01065,2.0
90a,CGN-01033,3.0
90a,CGN-01032,5.0
90a,MSF-71702,4.0
90a,MSC-71049,1.0
90a,CGN-00965,3.0
90a,CDL-10200,2.0
91a,DRB-00358,1.0
91a,SOL-01442,3.0
91a,NOW-00112,4.0
91a,DRB-00087,5.0
91a,CGN-01330,5.0
91a,SRE-01050,1.0
91a,DRB-00154,2.0
91a,DRB-00263,3.0
91a,LEX-23141,1.0
91a,BLB-00683,3.0
91a,NWY-15685,3.0
91a,NOW-01841,2.0
91a,CGN-00932,5.0
91a,DRB-00373,1.0
92a,BLB-00683,3.0
92a,NWY-15685,5.0
92a,NOW-01841,4.0
92a,CGN-00932,2.0
92a,DRB-00373,3.0
92a,CGN-00963,2.0
92a,DRB-00025,1.0
92a,NOW-00474,4.0
92a,NOW-00376,5.0
92a,CGN-01097,4.0
93a,CGN-01034,5.0
93a,JRW-13008,4.0
93a,MLI-00952,2.0
93a,NWY-41091,3.0
93a,CGN-00964,2.0
93a,NOW-04777,3.0
93a,CGN-01065,4.0
93a,CGN-01033,5.0
93a,CGN-01032,5.0
93a,MSF-71702,4.0
93a,MSC-71049,4.0
94a,CGN-00964,2.0
94a,NOW-04777,3.0
94a,CGN-01065,2.0
94a,CGN-01033,1.0
94a,CGN-01032,3.0
94a,MSF-71702,2.0
94a,MSC-71049,5.0
94a,CGN-00965,4.0
94a,CDL-10200,1.0
95a,NOW-00112,1.0
95a,DRB-00087,3.0
95a,CGN-01330,5.0
95a,SRE-01050,5.0
95a,DRB-00154,4.0
95a,DRB-00263,3.0
95a,LEX-23141,2.0
95a,BLB-00683,2.0
95a,NWY-15685,4.0
95a,NOW-01841,5.0
95a,CGN-00932,4.0
96a,NOW-01841,3.0
96a,CGN-00932,2.0
96a,DRB-00373,5.0
96a,CGN-00963,1.0
96a,DRB-00025,1.0
96a,NOW-00474,4.0
96a,NOW-00376,5.0
96a,CGN-01097,2.0
96a,NOW-00372,2.0
96a,CGN-00931,1.0
96a,CEN-28024,3.0
97a,NOW-00112,4.0
97a,DRB-00087,5.0
97a,CGN-01330,4.0
97a,SRE-01050,5.0
97a,DRB-00154,3.0
97a,DRB-00263,2.0
97a,LEX-23141,5.0
97a,BLB-00683,3.0
97a,NWY-15685,5.0
97a,NOW-01841,4.0
97a,CGN-00932,3.0
98a,CEN-28024,5.0
98a,SOL-02058,4.0
98a,NOW-00077,5.0
98a,NTL-05396,3.0
98a,CGN-01034,5.0
98a,JRW-13008,4.0
98a,MLI-00952,5.0
98a,NWY-41091,5.0
98a,CGN-00964,4.0
98a,NOW-04777,4.0
98a,CGN-01065,5.0
98a,CGN-01033,4.0
99a,NOW-04777,5.0
99a,CGN-01065,3.0
99a,CGN-01033,3.0
99a,CGN-01032,5.0
99a,MSF-71702,4.0
99a,MSC-71049,5.0
99a,CGN-00965,4.0
99a,CDL-10200,5.0
1b,BLB-00683,4.0
1b,NWY-15685,3.0
1b,NOW-01841,5.0
1b,CGN-00932,4.0
1b,DRB-00373,5.0
1b,CGN-00963,3.0
1b,DRB-00025,5.0
1b,NOW-00474,4.0
1b,NOW-00376,5.0
2b,SRE-01050,4.0
2b,SOL-02058,5.0
2b,SOL-01442,4.0
2b,NWY-41091,5.0
2b,NWY-15685,4.0
2b,NTL-05396,2.0
2b,NOW-04777,3.0
2b,NOW-01841,3.0
2b,NOW-00474,3.0
2b,NOW-00376,3.0
2b,NOW-00372,3.0
2b,NOW-00112,5.0
2b,NOW-00077,4.0
2b,MSF-71702,5.0
2b,MSC-71049,4.0
2b,MLI-00952,5.0
3b,DRB-00263,4.0
3b,DRB-00154,3.0
3b,DRB-00087,5.0
3b,DRB-00025,3.0
3b,CGN-01330,3.0
3b,CGN-01097,3.0
3b,CGN-01065,3.0
3b,CGN-01034,5.0
3b,CGN-01033,4.0
3b,CEN-28024,5.0
4b,SRE-01050,3.0
4b,SOL-02058,5.0
4b,SOL-01442,4.0
4b,NWY-41091,5.0
4b,NWY-15685,3.0
4b,NTL-05396,5.0
4b,NOW-04777,4.0
4b,NOW-01841,5.0
4b,NOW-00474,3.0
4b,NOW-00376,5.0
4b,NOW-00372,4.0
4b,NOW-00112,5.0
4b,NOW-00077,3.0
4b,MSF-71702,5.0
4b,DRB-00154,5.0
5b,NOW-00372,4.0
5b,NOW-00112,5.0
5b,NOW-00077,4.0
5b,MSF-71702,5.0
5b,MSC-71049,4.0
5b,MLI-00952,3.0
5b,LEX-23141,5.0
5b,JRW-13008,3.0
5b,DRB-00373,3.0
5b,DRB-00358,3.0
5b,DRB-00263,3.0
5b,DRB-00154,5.0
6b,BLB-00683,4.0
6b,CDL-10200,5.0
6b,CEN-28024,3.0
6b,CGN-00931,5.0
6b,CGN-00932,4.0
6b,CGN-00963,5.0
6b,CGN-00964,3.0
6b,CGN-00965,5.0
6b,CGN-01032,4.0
6b,CGN-01033,5.0
6b,CGN-01034,3.0
6b,CGN-01065,5.0
6b,CGN-01097,4.0
6b,CGN-01330,5.0
7b,DRB-00373,3.0
7b,JRW-13008,5.0
7b,LEX-23141,4.0
7b,MLI-00952,4.0
7b,MSC-71049,5.0
7b,MSF-71702,5.0
7b,NOW-00077,5.0
7b,NOW-00112,5.0
7b,NOW-00372,2.0
7b,NOW-00376,1.0
8b,MLI-00952,3.0
8b,MSC-71049,5.0
8b,MSF-71702,4.0
8b,NOW-00077,1.0
8b,NOW-00112,2.0
8b,NOW-00372,3.0
8b,NOW-00376,5.0
8b,NOW-00474,2.0
8b,NOW-01841,1.0
8b,NOW-04777,1.0
8b,NTL-05396,3.0
8b,NWY-15685,2.0
8b,NWY-41091,3.0
9b,CGN-01097,2.0
9b,CGN-01330,3.0
9b,DRB-00025,4.0
9b,DRB-00087,5.0
9b,DRB-00154,5.0
9b,DRB-00263,4.0
9b,DRB-00358,3.0
9b,DRB-00373,3.0
10b,LEX-23141,5.0
10b,MLI-00952,4.0
10b,MSC-71049,2.0
10b,MSF-71702,2.0
10b,NOW-00077,3.0
10b,NOW-00112,4.0
10b,NOW-00372,5.0
10b,NOW-00376,3.0
11b,SOL-01442,3.0
11b,NOW-00372,5.0
11b,NOW-00376,4.0
11b,CGN-01034,3.0
11b,CGN-01065,2.0
11b,DRB-00373,2.0
11b,NOW-00112,3.0
11b,CDL-10200,4.0
11b,CEN-28024,4.0
11b,CGN-00931,5.0
11b,CGN-00932,4.0
11b,CGN-01097,4.0
12b,CGN-01330,3.0
12b,JRW-13008,3.0
12b,MLI-00952,3.0
12b,MSC-71049,4.0
12b,NOW-01841,4.0
12b,NWY-41091,5.0
12b,SOL-02058,5.0
12b,DRB-00025,4.0
12b,DRB-00087,4.0
13b,MSF-71702,5.0
13b,CGN-00965,3.0
13b,CGN-01032,3.0
13b,CGN-01033,2.0
13b,DRB-00154,4.0
13b,NOW-00474,5.0
13b,NWY-15685,5.0
13b,CGN-00963,4.0
13b,CGN-00964,4.0
14b,CGN-01034,3.0
14b,CGN-01065,5.0
14b,DRB-00373,4.0
14b,NOW-00112,4.0
14b,CDL-10200,3.0
14b,CEN-28024,2.0
14b,CGN-00931,4.0
14b,CGN-00932,4.0
14b,CGN-01097,4.0
14b,CGN-01330,5.0
14b,JRW-13008,3.0
14b,MLI-00952,4.0
15b,CGN-00931,3.0
15b,CGN-00932,5.0
15b,CGN-01097,5.0
15b,CGN-01330,3.0
15b,JRW-13008,4.0
15b,MLI-00952,2.0
15b,MSC-71049,2.0
15b,NOW-01841,1.0
15b,NWY-41091,3.0
15b,SOL-02058,4.0
15b,DRB-00025,5.0
15b,DRB-00087,3.0
15b,DRB-00263,1.0
15b,MSF-71702,1.0
15b,CGN-00965,3.0
16b,CGN-01032,5.0
16b,CGN-01033,4.0
16b,DRB-00154,3.0
16b,NOW-00474,2.0
16b,NWY-15685,4.0
16b,CGN-00963,5.0
16b,CGN-00964,3.0
16b,DRB-00358,5.0
16b,NOW-04777,4.0
16b,NTL-05396,4.0
16b,SRE-01050,3.0
17b,SOL-01442,2.0
17b,NOW-00372,4.0
17b,NOW-00376,5.0
17b,CGN-01034,3.0
17b,CGN-01065,5.0
17b,DRB-00373,4.0
17b,NOW-00112,3.0
18b,CDL-10200,5.0
18b,CEN-28024,3.0
18b,CGN-00931,4.0
18b,CGN-00932,5.0
18b,CGN-01097,3.0
19b,CGN-01097,2.0
19b,CGN-01330,4.0
19b,JRW-13008,5.0
19b,MLI-00952,3.0
19b,MSC-71049,4.0
19b,NOW-01841,5.0
19b,NWY-41091,3.0
19b,SOL-02058,5.0
19b,DRB-00025,4.0
19b,DRB-00087,3.0
19b,DRB-00263,5.0
19b,MSF-71702,4.0
19b,CGN-00965,2.0
19b,CGN-01032,3.0
20b,SOL-02058,5.0
20b,DRB-00025,4.0
20b,DRB-00087,2.0
20b,DRB-00263,3.0
20b,MSF-71702,5.0
20b,CGN-00965,4.0
20b,CGN-01032,1.0
20b,CGN-01033,3.0
20b,DRB-00154,2.0
20b,NOW-00474,1.0
20b,NWY-15685,3.0
20b,CGN-00963,4.0
20b,CGN-00964,5.0
20b,DRB-00358,5.0
20b,NOW-04777,1.0
21b,SOL-01442,2.0
21b,NOW-00372,3.0
21b,NOW-00376,1.0
21b,CGN-01034,3.0
21b,CGN-01065,3.0
21b,DRB-00373,2.0
21b,NOW-00112,5.0
21b,CDL-10200,1.0
21b,CEN-28024,3.0
21b,CGN-00931,5.0
21b,CGN-00932,4.0
21b,CGN-01097,2.0
22b,JRW-13008,3.0
22b,MLI-00952,2.0
22b,MSC-71049,1.0
22b,NOW-01841,4.0
22b,NWY-41091,5.0
22b,SOL-02058,4.0
22b,DRB-00025,5.0
22b,DRB-00087,4.0
22b,DRB-00263,2.0
22b,MSF-71702,3.0
22b,CGN-00965,2.0
22b,CGN-01032,3.0
22b,CGN-01033,4.0
22b,DRB-00154,5.0
23b,CGN-01032,5.0
23b,CGN-01033,4.0
23b,DRB-00154,4.0
23b,NOW-00474,2.0
23b,NWY-15685,3.0
23b,CGN-00963,2.0
23b,CGN-00964,1.0
23b,DRB-00358,3.0
23b,NOW-04777,2.0
23b,NTL-05396,5.0
23b,SRE-01050,4.0
23b,NOW-00077,1.0
23b,LEX-23141,1.0
24b,CGN-01065,3.0
24b,DRB-00373,5.0
24b,NOW-00112,5.0
24b,CDL-10200,4.0
24b,CEN-28024,3.0
24b,CGN-00931,2.0
24b,CGN-00932,2.0
24b,CGN-01097,4.0
24b,CGN-01330,5.0
24b,JRW-13008,4.0
24b,MLI-00952,3.0
24b,MSC-71049,2.0
25b,DRB-00087,5.0
25b,DRB-00263,1.0
25b,MSF-71702,1.0
25b,CGN-00965,4.0
25b,CGN-01032,5.0
26b,CGN-01065,5.0
26b,NWY-41091,5.0
26b,CDL-10200,4.0
26b,NOW-00372,3.0
26b,MLI-00952,4.0
26b,JRW-13008,3.0
26b,CGN-01034,4.0
26b,CGN-01097,3.0
27b,CGN-01330,5.0
27b,CGN-00932,5.0
27b,NOW-01841,5.0
27b,CGN-01033,3.0
27b,DRB-00087,4.0
27b,NWY-15685,5.0
27b,BLB-00683,5.0
27b,LEX-23141,4.0
27b,NWY-15685,3.0
27b,BLB-00683,3.0
27b,LEX-23141,3.0
28b,CGN-00965,4.0
28b,SOL-01442,5.0
28b,SOL-02058,4.0
28b,DRB-00358,5.0
28b,CGN-01032,3.0
28b,DRB-00154,4.0
28b,SRE-01050,4.0
28b,MSC-71049,3.0
28b,MSF-71702,5.0
29b,DRB-00025,4.0
29b,NTL-05396,2.0
29b,CGN-00963,1.0
29b,NOW-00077,2.0
29b,NOW-04777,1.0
29b,DRB-00263,2.0
29b,NOW-00112,4.0
29b,DRB-00373,5.0
29b,CGN-01330,3.0
29b,CGN-00932,2.0
29b,NOW-01841,1.0
29b,CGN-01033,4.0
29b,DRB-00087,5.0
29b,MSF-71702,4.0
30b,CEN-28024,2.0
30b,CGN-00964,4.0
30b,CGN-00931,5.0
30b,CGN-01065,5.0
30b,NWY-41091,4.0
30b,CDL-10200,5.0
30b,NOW-00372,4.0
30b,MLI-00952,5.0
30b,JRW-13008,5.0
30b,CGN-01034,2.0
30b,CGN-01097,3.0
30b,NOW-00376,3.0
30b,NOW-00474,1.0
30b,DRB-00025,1.0
30b,NTL-05396,5.0
30b,DRB-00373,4.0
30b,CGN-01330,2.0
31b,NOW-00376,4.0
31b,NOW-00474,5.0
31b,DRB-00025,2.0
31b,NTL-05396,3.0
31b,CGN-00963,2.0
31b,NOW-00077,1.0
31b,NOW-04777,2.0
31b,DRB-00263,3.0
31b,NOW-00112,5.0
31b,DRB-00373,1.0
31b,CGN-01330,4.0
31b,CGN-00932,5.0
31b,NOW-01841,1.0
31b,CGN-01033,1.0
31b,DRB-00087,1.0
31b,NWY-15685,1.0
31b,BLB-00683,1.0
32b,CGN-01033,1.0
32b,DRB-00087,1.0
32b,NWY-15685,3.0
32b,BLB-00683,2.0
32b,LEX-23141,5.0
32b,CGN-00965,4.0
32b,SOL-01442,3.0
32b,CGN-00931,2.0
32b,CGN-01065,5.0
32b,NWY-41091,5.0
32b,CDL-10200,5.0
32b,NOW-00372,5.0
33b,CEN-28024,3.0
33b,CGN-00964,4.0
33b,CGN-00931,3.0
33b,CGN-01065,4.0
33b,NWY-41091,3.0
33b,CDL-10200,4.0
33b,CGN-01033,5.0
34b,CGN-00963,3.0
34b,NOW-00077,5.0
34b,NOW-04777,4.0
34b,DRB-00263,3.0
34b,NOW-00112,2.0
34b,DRB-00373,3.0
34b,CGN-01330,4.0
34b,CGN-00932,5.0
34b,NOW-01841,5.0
34b,CGN-01033,5.0
34b,DRB-00087,4.0
35b,CEN-28024,5.0
35b,CGN-00964,4.0
35b,CGN-00931,5.0
35b,CGN-01065,4.0
35b,NWY-41091,5.0
35b,CDL-10200,5.0
35b,NOW-00112,5.0
35b,DRB-00373,3.0
35b,CGN-01330,4.0
35b,CGN-00932,3.0
35b,NOW-01841,2.0
35b,CGN-01033,4.0
35b,DRB-00087,3.0
35b,NWY-15685,4.0
36b,NOW-00474,4.0
36b,DRB-00025,4.0
36b,NTL-05396,4.0
36b,CGN-00963,4.0
36b,NOW-00077,4.0
36b,NOW-04777,4.0
36b,DRB-00263,4.0
36b,NOW-00112,4.0
36b,DRB-00373,3.0
36b,CGN-01330,5.0
36b,CGN-00932,4.0
36b,NOW-01841,3.0
37b,DRB-00358,5.0
37b,CGN-01032,4.0
37b,DRB-00154,3.0
37b,SRE-01050,5.0
37b,MSC-71049,5.0
37b,MSF-71702,5.0
37b,DRB-00025,5.0
37b,NTL-05396,4.0
38b,CGN-00963,3.0
38b,NOW-00077,3.0
38b,NOW-04777,5.0
38b,DRB-00263,4.0
39b,NOW-01841,5.0
39b,CGN-01033,3.0
39b,DRB-00087,3.0
39b,NWY-15685,4.0
39b,BLB-00683,4.0
39b,LEX-23141,4.0
39b,CGN-00965,4.0
39b,SOL-01442,4.0
40b,CGN-00931,4.0
40b,CGN-01065,5.0
40b,NWY-41091,3.0
40b,CDL-10200,5.0
40b,NOW-00372,4.0
40b,MLI-00952,3.0
40b,JRW-13008,2.0
40b,CGN-01034,4.0
40b,CGN-01097,5.0
40b,CGN-00963,5.0
40b,NOW-00077,4.0
41b,DRB-00373,5.0
41b,CGN-01330,5.0
41b,CGN-00932,4.0
41b,NOW-01841,3.0
41b,CGN-01033,3.0
41b,DRB-00087,4.0
41b,NWY-15685,5.0
41b,BLB-00683,3.0
41b,MLI-00952,5.0
42b,CEN-28024,5.0
42b,CGN-00964,3.0
42b,CGN-00931,4.0
42b,CGN-01065,5.0
42b,NWY-41091,3.0
42b,CDL-10200,3.0
42b,NOW-00372,4.0
42b,MLI-00952,5.0
42b,JRW-13008,4.0
42b,CGN-01034,5.0
42b,CGN-01097,5.0
42b,NOW-00376,4.0
42b,NOW-00474,3.0
43b,CGN-00963,1.0
43b,NOW-00077,5.0
43b,NOW-04777,4.0
43b,DRB-00263,3.0
43b,NOW-00112,2.0
43b,DRB-00373,5.0
43b,CGN-01330,1.0
43b,JRW-13008,2.0
43b,CGN-01034,3.0
43b,CGN-01097,4.0
43b,NOW-00376,1.0
43b,NOW-00474,2.0
43b,SOL-02058,3.0
44b,CDL-10200,5.0
44b,NOW-00372,4.0
44b,MLI-00952,2.0
44b,JRW-13008,1.0
44b,CGN-01034,5.0
44b,CGN-01097,5.0
44b,NOW-00376,3.0
44b,NOW-00474,3.0
44b,DRB-00025,4.0
44b,NTL-05396,4.0
44b,CGN-00963,4.0
44b,NOW-00077,5.0
44b,NOW-04777,3.0
44b,DRB-00263,4.0
45b,CGN-00931,5.0
45b,CGN-01065,3.0
45b,NWY-41091,2.0
45b,CDL-10200,5.0
45b,NOW-00372,3.0
45b,MLI-00952,5.0
45b,JRW-13008,3.0
45b,NOW-04777,4.0
45b,DRB-00263,5.0
46b,BLB-00683,3.0
46b,LEX-23141,5.0
46b,CGN-00965,4.0
46b,SOL-01442,3.0
46b,SOL-02058,2.0
46b,DRB-00358,1.0
46b,CGN-01032,3.0
46b,DRB-00154,4.0
46b,SRE-01050,1.0
46b,MSC-71049,1.0
46b,MSF-71702,5.0
46b,NOW-00474,4.0
47b,CGN-00931,3.0
47b,CGN-01065,1.0
47b,NWY-41091,4.0
47b,CDL-10200,5.0
47b,CGN-01034,4.0
47b,CGN-01097,3.0
48b,CGN-01065,3.0
48b,NWY-41091,3.0
48b,CDL-10200,3.0
48b,NOW-00372,4.0
48b,MLI-00952,5.0
48b,JRW-13008,4.0
48b,CGN-01034,3.0
48b,DRB-00263,5.0
48b,NOW-00112,4.0
48b,DRB-00373,5.0
48b,CGN-01330,5.0
49b,MLI-00952,5.0
49b,JRW-13008,5.0
49b,CGN-01034,5.0
49b,CGN-01097,3.0
49b,NOW-00376,3.0
50b,CGN-00963,3.0
50b,NOW-00077,3.0
50b,NOW-04777,2.0
50b,DRB-00263,2.0
50b,NOW-00112,4.0
50b,DRB-00373,5.0
50b,CGN-01033,4.0
51b,BLB-00683,5.0
51b,LEX-23141,4.0
51b,NOW-00077,2.0
51b,CGN-00964,3.0
51b,NTL-05396,2.0
51b,CGN-00963,1.0
51b,NOW-04777,1.0
51b,DRB-00358,2.0
51b,SRE-01050,3.0
51b,NOW-00474,4.0
51b,MSF-71702,5.0
51b,CEN-28024,3.0
52b,CGN-01330,5.0
52b,CGN-00932,4.0
52b,NOW-01841,2.0
52b,SOL-02058,5.0
52b,MSC-71049,4.0
52b,CGN-01065,2.0
52b,CGN-01034,3.0
52b,NOW-00112,2.0
52b,DRB-00373,1.0
52b,NOW-00372,4.0
52b,NOW-00376,1.0
52b,SRE-01050,4.0
53b,CGN-00964,5.0
53b,NTL-05396,4.0
53b,CGN-00963,4.0
53b,NOW-04777,5.0
53b,DRB-00358,5.0
53b,SRE-01050,3.0
53b,NOW-00474,3.0
53b,CGN-01033,2.0
53b,NWY-15685,1.0
54b,LEX-23141,4.0
54b,NOW-00077,5.0
54b,CGN-00964,3.0
54b,NTL-05396,2.0
54b,CGN-00963,4.0
54b,NOW-04777,5.0
54b,DRB-00025,3.0
55b,NOW-01841,1.0
55b,SOL-02058,2.0
55b,MSC-71049,3.0
55b,CGN-01065,5.0
55b,CGN-01034,4.0
55b,NOW-00112,5.0
55b,DRB-00373,3.0
56b,CGN-00964,2.0
56b,NTL-05396,1.0
56b,CGN-00963,4.0
56b,NOW-04777,5.0
56b,DRB-00358,3.0
56b,SRE-01050,4.0
56b,NOW-00474,1.0
56b,CGN-01033,5.0
56b,NWY-15685,3.0
56b,CGN-00965,4.0
57b,DRB-00154,5.0
57b,DRB-00025,1.0
57b,DRB-00263,2.0
57b,DRB-00087,3.0
57b,CGN-00931,4.0
57b,NWY-41091,5.0
58b,CGN-01097,1.0
58b,CGN-01330,2.0
58b,CGN-00932,3.0
58b,NOW-01841,4.0
58b,SOL-02058,5.0
58b,MSC-71049,4.0
58b,CGN-01065,5.0
58b,CGN-01034,4.0
59b,CGN-00963,5.0
59b,NOW-04777,4.0
59b,DRB-00358,5.0
59b,SRE-01050,4.0
59b,NOW-00474,3.0
59b,CGN-01033,2.0
59b,NWY-15685,4.0
59b,CGN-00965,5.0
59b,CGN-01032,4.0
59b,DRB-00154,5.0
60b,BLB-00683,3.0
60b,LEX-23141,5.0
60b,NOW-00077,5.0
60b,CGN-00964,4.0
60b,NTL-05396,5.0
60b,CGN-00963,5.0
60b,NOW-04777,3.0
61b,NOW-00474,5.0
61b,CGN-01033,4.0
61b,NWY-15685,5.0
61b,CGN-00965,3.0
61b,CGN-01032,4.0
61b,DRB-00154,5.0
61b,DRB-00025,3.0
61b,DRB-00263,2.0
61b,DRB-00087,4.0
61b,MSF-71702,5.0
61b,CEN-28024,1.0
61b,CGN-00931,1.0
61b,NWY-41091,1.0
62b,NTL-05396,1.0
62b,CGN-00963,4.0
62b,NOW-04777,4.0
62b,DRB-00358,4.0
62b,SRE-01050,3.0
62b,NOW-00474,3.0
62b,CGN-01033,5.0
62b,NWY-15685,5.0
62b,CGN-00965,1.0
62b,CGN-01032,4.0
62b,DRB-00154,5.0
62b,DRB-00025,4.0
62b,DRB-00263,5.0
62b,DRB-00087,3.0
62b,MSF-71702,3.0
62b,CEN-28024,3.0
62b,CGN-00931,2.0
63b,MLI-00952,4.0
63b,JRW-13008,5.0
63b,CGN-01097,4.0
63b,CGN-01330,5.0
63b,CGN-00932,3.0
63b,CGN-01065,2.0
63b,CGN-01034,4.0
63b,NOW-00112,5.0
64b,DRB-00373,3.0
64b,NOW-00372,2.0
65b,CGN-00965,5.0
65b,CGN-01032,4.0
65b,DRB-00154,3.0
65b,DRB-00025,4.0
65b,DRB-00263,5.0
65b,DRB-00087,4.0
65b,MSF-71702,5.0
65b,CEN-28024,3.0
65b,CGN-00931,2.0
66b,LEX-23141,5.0
66b,NOW-00077,4.0
66b,CGN-00964,5.0
66b,NTL-05396,4.0
66b,CGN-00963,5.0
66b,NOW-04777,3.0
66b,DRB-00358,5.0
66b,SRE-01050,2.0
67b,DRB-00263,5.0
67b,DRB-00087,4.0
67b,MSF-71702,3.0
67b,CEN-28024,5.0
67b,CGN-00931,5.0
67b,NWY-41091,4.0
67b,CGN-00932,5.0
67b,NOW-01841,3.0
67b,SOL-02058,4.0
67b,MSC-71049,3.0
67b,CGN-01065,5.0
68b,NTL-05396,4.0
68b,CGN-00963,4.0
68b,NOW-04777,3.0
68b,DRB-00358,2.0
68b,SRE-01050,4.0
68b,NOW-00474,4.0
68b,CGN-01033,4.0
68b,NWY-15685,5.0
68b,CGN-00965,3.0
69b,LEX-23141,4.0
69b,NOW-00077,3.0
69b,CGN-00964,5.0
69b,NTL-05396,5.0
69b,CGN-00963,3.0
69b,NOW-04777,4.0
69b,DRB-00358,2.0
69b,SRE-01050,2.0
69b,NOW-00474,1.0
69b,CGN-01033,3.0
69b,NWY-15685,4.0
69b,CGN-00965,5.0
69b,CGN-01032,3.0
69b,DRB-00154,1.0
69b,DRB-00025,1.0
69b,DRB-00263,3.0
69b,DRB-00087,5.0
69b,MSF-71702,4.0
70b,DRB-00263,3.0
70b,DRB-00087,2.0
70b,MSF-71702,4.0
70b,CEN-28024,5.0
70b,CGN-00931,3.0
70b,NWY-41091,5.0
70b,CDL-10200,4.0
70b,MLI-00952,4.0
71b,MSC-71049,3.0
71b,CGN-01065,2.0
71b,CGN-01034,4.0
71b,NOW-00112,5.0
71b,DRB-00373,3.0
71b,NOW-00372,5.0
71b,NWY-41091,4.0
71b,CDL-10200,3.0
71b,MLI-00952,5.0
72b,BLB-00683,3.0
72b,LEX-23141,4.0
72b,NOW-00077,5.0
72b,CGN-00964,3.0
72b,NTL-05396,2.0
72b,CGN-00963,4.0
72b,NOW-04777,5.0
72b,DRB-00358,3.0
72b,SRE-01050,4.0
72b,NOW-00474,5.0
72b,CGN-01033,3.0
73b,CGN-01033,5.0
73b,NWY-15685,4.0
73b,CGN-00965,3.0
73b,CGN-01032,5.0
73b,DRB-00154,4.0
73b,DRB-00025,3.0
74b,MLI-00952,5.0
74b,JRW-13008,4.0
74b,CGN-01097,4.0
74b,CGN-01330,3.0
74b,CGN-00932,2.0
74b,NOW-01841,4.0
75b,LEX-23141,4.0
75b,NOW-00077,4.0
75b,CGN-00964,5.0
75b,NTL-05396,3.0
75b,CGN-00963,4.0
75b,NOW-04777,3.0
75b,DRB-00358,5.0
75b,SRE-01050,5.0
75b,NOW-00474,3.0
75b,CGN-01033,4.0
76b,SRE-01050,2.0
76b,NOW-00474,2.0
76b,CGN-01033,1.0
76b,NWY-15685,3.0
76b,CGN-00965,4.0
76b,CGN-01032,5.0
76b,DRB-00154,3.0
76b,DRB-00025,1.0
76b,DRB-00263,1.0
76b,DRB-00087,3.0
77b,CEN-28024,5.0
77b,CGN-00931,4.0
77b,NWY-41091,3.0
77b,CDL-10200,2.0
77b,MLI-00952,4.0
77b,JRW-13008,5.0
77b,CGN-01097,3.0
77b,SRE-01050,5.0
78b,DRB-00263,4.0
78b,DRB-00087,4.0
78b,MSF-71702,3.0
78b,CEN-28024,2.0
78b,CGN-00931,4.0
78b,NWY-41091,5.0
78b,CDL-10200,3.0
78b,CGN-00932,5.0
78b,NOW-01841,4.0
78b,SOL-02058,3.0
78b,MSC-71049,5.0
78b,CGN-01065,3.0
78b,LEX-23141,4.0
79b,SOL-02058,5.0
79b,MSC-71049,3.0
79b,CGN-01065,2.0
79b,CGN-01034,4.0
79b,NOW-00112,5.0
79b,DRB-00373,3.0
79b,NOW-00372,4.0
79b,NOW-00376,5.0
79b,SOL-01442,3.0
80b,CGN-01032,5.0
80b,DRB-00154,4.0
80b,DRB-00025,3.0
80b,DRB-00263,5.0
81b,DRB-00025,4.0
81b,DRB-00263,3.0
81b,DRB-00087,5.0
81b,MSF-71702,4.0
81b,CEN-28024,4.0
81b,CGN-00931,3.0
82b,MLI-00952,2.0
82b,JRW-13008,4.0
82b,CGN-01097,4.0
82b,CGN-01330,4.0
82b,CGN-00932,5.0
82b,NOW-01841,3.0
82b,BLB-00683,4.0
82b,LEX-23141,3.0
82b,NOW-00077,5.0
82b,CGN-00964,5.0
82b,NTL-05396,3.0
82b,CGN-00963,4.0
82b,NOW-04777,2.0
82b,DRB-00358,2.0
82b,SRE-01050,1.0
83b,DRB-00154,3.0
83b,DRB-00025,4.0
83b,DRB-00263,5.0
83b,DRB-00087,3.0
83b,MSF-71702,1.0
83b,CEN-28024,1.0
83b,CGN-00931,3.0
84b,NOW-04777,5.0
84b,DRB-00358,4.0
84b,SRE-01050,3.0
84b,JRW-13008,2.0
85b,MSF-71702,4.0
85b,CEN-28024,5.0
85b,CGN-00931,3.0
85b,NWY-41091,5.0
85b,CDL-10200,4.0
85b,MLI-00952,4.0
85b,JRW-13008,3.0
85b,CGN-01097,2.0
85b,CGN-01330,4.0
85b,CGN-00932,5.0
86b,CGN-00963,3.0
86b,NOW-04777,5.0
86b,DRB-00358,4.0
86b,SRE-01050,3.0
86b,NWY-15685,5.0
86b,CGN-00965,3.0
86b,CGN-01032,4.0
86b,DRB-00154,5.0
86b,DRB-00025,3.0
87b,NOW-04777,2.0
87b,DRB-00358,4.0
87b,SRE-01050,5.0
87b,NOW-00474,3.0
87b,MSC-71049,4.0
87b,CGN-01065,5.0
88b,MSC-71049,3.0
88b,CGN-01065,5.0
88b,CGN-01034,4.0
88b,NOW-00112,3.0
88b,DRB-00373,5.0
88b,NOW-00372,4.0
88b,CGN-01032,3.0
88b,DRB-00154,5.0
89b,CGN-00931,4.0
89b,NWY-41091,4.0
89b,CDL-10200,3.0
89b,MLI-00952,2.0
89b,JRW-13008,4.0
89b,CGN-01097,4.0
89b,CGN-01330,4.0
90b,CGN-01032,5.0
90b,DRB-00154,3.0
90b,DRB-00025,4.0
90b,DRB-00263,3.0
90b,DRB-00087,5.0
90b,NWY-41091,5.0
91b,MLI-00952,3.0
91b,JRW-13008,4.0
91b,CGN-01097,2.0
91b,CGN-01330,2.0
91b,CGN-00932,1.0
91b,NOW-01841,3.0
91b,SOL-02058,4.0
91b,MSC-71049,5.0
92b,CGN-00965,3.0
92b,CGN-01032,1.0
92b,DRB-00154,1.0
92b,DRB-00025,3.0
92b,DRB-00263,5.0
92b,CGN-00932,4.0
92b,NOW-01841,3.0
92b,SOL-02058,2.0
93b,CGN-01032,4.0
93b,DRB-00154,5.0
93b,DRB-00025,3.0
93b,CGN-00932,5.0
93b,NOW-01841,4.0
93b,SOL-02058,4.0
94b,CGN-01032,3.0
94b,DRB-00154,2.0
94b,DRB-00025,4.0
94b,DRB-00263,5.0
94b,DRB-00087,3.0
94b,MSF-71702,5.0
94b,CGN-00932,4.0
94b,NOW-01841,3.0
94b,SOL-02058,5.0
95b,NOW-00077,3.0
95b,CGN-00964,4.0
95b,NTL-05396,5.0
95b,CGN-00963,3.0
95b,NOW-04777,2.0
95b,DRB-00087,4.0
95b,MSF-71702,5.0
95b,CEN-28024,3.0
95b,CGN-00931,4.0
96b,CGN-00964,5.0
96b,NTL-05396,3.0
96b,CGN-00963,5.0
96b,NOW-04777,4.0
96b,DRB-00154,3.0
96b,DRB-00025,5.0
96b,DRB-00263,4.0
97b,NWY-41091,3.0
97b,CDL-10200,2.0
97b,MLI-00952,5.0
97b,JRW-13008,3.0
97b,CGN-01097,5.0
97b,LEX-23141,4.0
97b,NOW-00077,3.0
97b,CGN-00964,5.0
97b,NTL-05396,4.0
98b,NWY-15685,5.0
98b,CGN-00965,3.0
98b,CGN-01032,5.0
98b,DRB-00154,4.0
98b,DRB-00025,5.0
98b,DRB-00263,5.0
99b,NOW-04777,4.0
99b,DRB-00358,4.0
99b,SRE-01050,5.0
99b,CGN-00931,4.0
1c,NWY-41091,5.0
1c,CDL-10200,3.0
1c,MLI-00952,3.0
1c,JRW-13008,5.0
1c,CGN-01097,4.0
1c,CGN-01330,5.0
1c,CGN-00932,4.0
1c,NOW-01841,5.0
2c,CGN-00965,4.0
2c,CGN-01032,3.0
2c,DRB-00154,5.0
2c,DRB-00025,4.0
2c,DRB-00263,5.0
3c,CGN-00931,3.0
3c,NWY-41091,5.0
3c,CDL-10200,4.0
3c,MLI-00952,5.0
3c,JRW-13008,4.0
3c,CGN-01097,5.0
4c,CGN-00964,4.0
4c,NTL-05396,5.0
4c,CGN-00963,4.0
4c,NOW-04777,2.0
4c,DRB-00358,3.0
4c,SRE-01050,3.0
5c,CEN-28024,3.0
5c,CGN-00931,3.0
5c,NWY-41091,3.0
5c,CDL-10200,5.0
5c,MLI-00952,4.0
5c,JRW-13008,5.0
5c,CGN-01097,4.0
6c,NWY-41091,5.0
6c,CDL-10200,4.0
6c,MLI-00952,3.0
6c,JRW-13008,5.0
6c,CGN-01097,3.0
6c,CGN-01330,3.0
6c,CGN-00932,3.0
6c,NOW-01841,3.0
7c,SOL-02058,5.0
7c,MSC-71049,4.0
7c,CGN-01065,5.0
7c,CGN-01034,3.0
7c,NOW-00112,5.0
7c,DRB-00373,4.0
7c,NOW-00372,5.0
7c,NOW-00376,5.0
8c,SOL-01442,5.0
